-- 1. Insert Spreads (Các Trải Bài)
INSERT INTO spreads (name, description, position_count, min_cards_required) VALUES
('Một Lá (1-Card Draw)', 'Câu hỏi đơn giản, thông điệp ngày, định hướng nhanh', 1, 1),
('Ba Lá (3-Card Spread)', 'Quá Khứ - Hiện Tại - Tương Lai', 3, 3),
('Celtic Cross (Thập Tự Celt)', 'Trải bài 10 lá cung cấp một cái nhìn toàn cảnh về mọi khía cạnh của vấn đề.', 10, 10),
('Tình Yêu (Relationship Spread)', 'Đánh giá cấu trúc, ưu nhược điểm và tương lai của một mối quan hệ.', 7, 7);

BEGIN;

-- 1. DELETE An Toàn
DELETE FROM divine_helpers WHERE card_template_id BETWEEN 1 AND 78;
DELETE FROM card_templates WHERE card_template_id BETWEEN 1 AND 78;

-- 2. Insert Card Templates
INSERT INTO card_templates (card_template_id, name, description, design_path, arcana_type, suit, card_number, rarity, is_active, image_path, created_at, updated_at) VALUES
(1, 'The Fool - Aion Zero', 'Aion Zero là "Kẻ Khởi Hành", xuất hiện ở nơi thời gian chưa chảy. Hành trình của anh đi từ sự ngây thơ ban đầu, trải qua mất mát, cám dỗ và điên loạn để đến với sự giác ngộ. Cuối cùng, anh trưởng thành không phải vì mạnh hơn, mà vì dám chấp nhận hậu quả của các lựa chọn và tiếp tục bước đi.', NULL, 'Major', NULL, 0, 'LEGENDARY', true, '/assets/cards/major/00.webp', CURRENT_TIMESTAMP, CURRENT_TIMESTAMP),
(2, 'The Magician - Chronos Vale', 'Chronos là một nhà tư tưởng duy lý tin rằng thế giới có thể hiểu và sửa chữa. Sau cái chết của người yêu, ông dùng phép thuật can thiệp vào định mệnh để tìm ý nghĩa nhưng lại gây ra sự sụp đổ (The Tower). Cuối cùng, ông hy sinh và nhận ra tự do nằm ở việc chấp nhận những điều phi lý không thể hiểu.', NULL, 'Major', NULL, 1, 'LEGENDARY', true, '/assets/cards/major/01.webp', CURRENT_TIMESTAMP, CURRENT_TIMESTAMP),
(3, 'The High Priestess - Lunaria Noct', 'Lunaria sinh ra với khả năng nhìn thấy mọi kết cục. Trải qua bi kịch vì nói ra sự thật, cô chọn sự im lặng – một "lòng trắc ẩn chậm rãi". Cô giữ ký ức thay cho The Fool, để anh tự trải nghiệm và trưởng thành thay vì nói trước mọi bề.', NULL, 'Major', NULL, 2, 'LEGENDARY', true, '/assets/cards/major/02.webp', CURRENT_TIMESTAMP, CURRENT_TIMESTAMP),
(4, 'The Empress - Gaia Mater', 'Gaia là hiện thân của sự sống, yêu thương mọi sinh mệnh vô điều kiện. Tuy nhiên, bà nhận ra bi kịch là không thể kiểm soát hay bảo vệ từng cá nhân khỏi cái chết. Qua The Fool, bà học được bài học khó nhất: nuôi dưỡng không phải là kìm kẹp, mà là cho phép họ ra đi và tiếp diễn vòng đời.', NULL, 'Major', NULL, 3, 'LEGENDARY', true, '/assets/cards/major/03.webp', CURRENT_TIMESTAMP, CURRENT_TIMESTAMP),
(5, 'The Emperor - Aurelion Rex', 'Ám ảnh bởi sự hỗn loạn từ nhỏ, Aurelion dựng lên một đế chế bằng luật lệ và kỷ luật thép. Sự xuất hiện của The Fool làm trật tự này lung lay, khiến ông hoảng sợ và siết chặt kiểm soát. Cuối cùng, khi đế chế sụp đổ, ông hiểu ra trật tự không thể thay thế cho trách nhiệm cá nhân.', NULL, 'Major', NULL, 4, 'LEGENDARY', true, '/assets/cards/major/04.webp', CURRENT_TIMESTAMP, CURRENT_TIMESTAMP),
(6, 'The Hierophant - Sanctus Verum', 'Sanctus lập ra giáo hội để xoa dịu nỗi đau nhân loại, trao cho họ một ý nghĩa. Nhưng rồi đức tin ấy bị đông cứng thành giáo điều, khiến ông sợ hãi sự tư duy độc lập. The Fool giúp ông nhận ra đạo đức không chỉ đến từ đức tin, và trưởng thành là khi mỗi người tự tìm lấy câu trả lời.', NULL, 'Major', NULL, 5, 'LEGENDARY', true, '/assets/cards/major/05.webp', CURRENT_TIMESTAMP, CURRENT_TIMESTAMP),
(7, 'The Lovers - Elyon & Seris', 'Elyon (tin vào tự do) và Seris (tin vào cộng đồng) yêu nhau vì sự thấu hiểu. Khi chiến tranh nổ ra, họ buộc phải chia tay vì không ai muốn từ bỏ giá trị cốt lõi của mình. Câu chuyện của họ minh chứng rằng tự do là tự chọn thứ mình sẵn sàng đánh mất.', NULL, 'Major', NULL, 6, 'LEGENDARY', true, '/assets/cards/major/06.webp', CURRENT_TIMESTAMP, CURRENT_TIMESTAMP),
(8, 'The Chariot - Kael Vantis', 'Sống trong nền văn hóa tôn sùng chiến thắng, Kael tiến lên không ngừng nghỉ vì sợ bị bỏ lại. Cho đến khi gặp The Fool, anh mới dám trả lời câu hỏi "Có mệt không?" và học được quyền được dừng lại thay vì tự hành hạ ý chí.', NULL, 'Major', NULL, 7, 'LEGENDARY', true, '/assets/cards/major/07.webp', CURRENT_TIMESTAMP, CURRENT_TIMESTAMP),
(9, 'Strength - Lyra Fero', 'Mang trong mình sức mạnh áp đảo, Lyra luôn tự đè nén vì sợ làm tổn thương người khác, biến sự nhường nhịn thành tự hủy hoại. The Fool giúp cô hiểu rằng sức mạnh thật sự không nằm ở sự yếu đuối, mà ở khả năng thuần phục bản ngã: có thể làm tổn thương nhưng chọn không làm vậy.', NULL, 'Major', NULL, 8, 'LEGENDARY', true, '/assets/cards/major/08.webp', CURRENT_TIMESTAMP, CURRENT_TIMESTAMP),
(10, 'The Hermit - Orion Solus', 'Orion từng là người ở đỉnh cao danh vọng nhưng rút lui vào cô độc vì thấy sự thật luôn bị bóp méo. Ông trao cho The Fool ngọn đèn không phải để soi đường, mà để truyền lại cách đặt câu hỏi và dám ở một mình với nhận thức.', NULL, 'Major', NULL, 9, 'LEGENDARY', true, '/assets/cards/major/09.webp', CURRENT_TIMESTAMP, CURRENT_TIMESTAMP),
(11, 'Wheel of Fortune - Tycho Rhei', 'Tycho là kẻ đẩy bánh xe số phận, nhìn thấy mọi xác suất và quy luật của vạn vật. Ông từng sợ hãi sự ngẫu nhiên vô tình, nhưng hiểu ra nếu không có ngẫu nhiên, thế giới sẽ trì trệ. Bài học ông trao là: "Bạn không chọn được lá bài… nhưng bạn luôn chọn cách chơi".', NULL, 'Major', NULL, 10, 'LEGENDARY', true, '/assets/cards/major/10.webp', CURRENT_TIMESTAMP, CURRENT_TIMESTAMP),
(12, 'Justice - Verena Caelum', 'Là người thực thi công lý, Verena luôn phải đối mặt với những phán quyết không thể làm hài lòng tất cả và đôi khi gây tổn thương người vô tội. Cô dạy The Fool rằng công lý không phải là lòng tốt, mà là giới hạn cần thiết và phải chịu trách nhiệm cho cả quyết định đúng mà đau đớn.', NULL, 'Major', NULL, 11, 'LEGENDARY', true, '/assets/cards/major/11.webp', CURRENT_TIMESTAMP, CURRENT_TIMESTAMP),
(13, 'The Hanged Man - Elias Vale', 'Một nhà cải cách xã hội tin rằng lý trí và sự đúng đắn sẽ thay đổi được hệ thống tham nhũng. Khi bị đồng minh phản bội, ông chọn cách "treo mình" – chấp nhận làm vật tế thần, chịu lãng quên để hệ thống không sụp đổ làm hại người vô tội.', NULL, 'Major', NULL, 12, 'LEGENDARY', true, '/assets/cards/major/12.webp', CURRENT_TIMESTAMP, CURRENT_TIMESTAMP),
(14, 'Death - Mortis Nox', 'Bị vạn vật nguyền rủa, Mortis Nox là người đóng cửa kỷ nguyên. Ông không thể do dự, vì sự sống nếu cứ kéo dài vô nghĩa sẽ sinh ra đau đớn. Gặp The Fool – người không sợ hãi cái chết, Mortis chứng minh rằng kết thúc là sự giải phóng để bảo vệ tái sinh.', NULL, 'Major', NULL, 13, 'LEGENDARY', true, '/assets/cards/major/13.webp', CURRENT_TIMESTAMP, CURRENT_TIMESTAMP),
(15, 'Temperance - Seraphine Calyx', 'Sinh ra giữa Ngã Ba Althyr của các phe đối lập, Seraphine chọn làm người hòa giải và pha chế các mâu thuẫn. Bị xem là kẻ phản bội vì không đứng về phe nào, nhưng cô vẫn kiên trì tạo ra trạng thái tồn tại: "Cân bằng không phải đứng yên, mà là điều chỉnh liên tục".', NULL, 'Major', NULL, 14, 'LEGENDARY', true, '/assets/cards/major/14.webp', CURRENT_TIMESTAMP, CURRENT_TIMESTAMP),
(16, 'The Devil - Asmodeus Vex', 'Asmodeus sinh ra khi con người lần đầu tự dối mình. Hắn không trói buộc ai mà chỉ phơi bày những ham muốn sâu thẳm nhất. The Fool chiến thắng hắn bằng cách nhìn nhận rõ dục vọng nhưng không chọn nó, chứng minh tự do là không bị ham muốn điều khiển.', NULL, 'Major', NULL, 15, 'LEGENDARY', true, '/assets/cards/major/15.webp', CURRENT_TIMESTAMP, CURRENT_TIMESTAMP),
(17, 'The Tower - Cassius Pyr', 'Cassius là kiến trúc sư vĩ đại xây nên Tòa Tháp của các hệ thống tư tưởng, nhưng xây trên nền móng của sự trốn tránh và phủ nhận sai lầm. Khi tháp sụp đổ, ông nhận ra thức tỉnh không phải là thấy ánh sáng, mà là lúc không thể giả vờ ngủ nữa.', NULL, 'Major', NULL, 16, 'LEGENDARY', true, '/assets/cards/major/16.webp', CURRENT_TIMESTAMP, CURRENT_TIMESTAMP),
(18, 'The Star - Lyrae Lume', 'Sinh ra từ tàn tích của Tòa Tháp sụp đổ, hy vọng của Lyrae không ồn ào mà tồn tại qua những hành động gieo mầm nhỏ nhặt. Cô trao cho The Fool sự bền bỉ, nhắc nhở anh rằng hy vọng là sự lựa chọn phải lặp lại mỗi ngày để sống tiếp trong bóng tối.', NULL, 'Major', NULL, 17, 'LEGENDARY', true, '/assets/cards/major/17.webp', CURRENT_TIMESTAMP, CURRENT_TIMESTAMP),
(19, 'The Moon - Nox Eir', 'Sinh ra từ tiềm thức và bóng tối tâm lý, Nox khuếch đại nỗi sợ khiến con người mắc kẹt trong ảo ảnh của chính mình. Bài học của The Moon là phải dám nghi ngờ cả trực giác và cảm xúc, vì chúng thường là tiếng vang của nỗi sợ cũ chứ không phải sự thật.', NULL, 'Major', NULL, 18, 'LEGENDARY', true, '/assets/cards/major/18.webp', CURRENT_TIMESTAMP, CURRENT_TIMESTAMP),
(20, 'The Sun - Solen Verus', 'Solen là ánh sáng phơi bày vạn vật, không bao giờ nói dối và từ chối an ủi bằng hy vọng hão huyền. Dù bị ghét vì quá tàn nhẫn, ông dạy The Fool rằng sự thật tuy đau nhưng giúp ta đứng thẳng, và dối trá nhân từ cũng là bạo lực.', NULL, 'Major', NULL, 19, 'LEGENDARY', true, '/assets/cards/major/19.webp', CURRENT_TIMESTAMP, CURRENT_TIMESTAMP),
(21, 'Judgement - Elias Reso', 'Elias không phán xét bằng luật mà là tiếng vọng từ chính ký ức và hậu quả từ những lựa chọn của mỗi người. The Fool đối diện với ông bằng cách chịu nhận mọi trách nhiệm, qua đó nhận ra tha thứ chỉ bắt đầu khi ta ngừng đổ lỗi.', NULL, 'Major', NULL, 20, 'LEGENDARY', true, '/assets/cards/major/20.webp', CURRENT_TIMESTAMP, CURRENT_TIMESTAMP),
(22, 'The World - Orbis Aeter', 'Orbis không phải là đích đến hoàn hảo, mà là trạng thái vạn vật không còn chống lại nhau. The Fool gặp Orbis không mang tham vọng tìm phần thưởng. Anh nhận ra trưởng thành là thôi chống lại chính mình, để sau đó vòng tròn lặp lại Oroboros khởi động lần nữa nhưng với chiều sâu trải nghiệm hoàn toàn mới.', NULL, 'Major', NULL, 21, 'LEGENDARY', true, '/assets/cards/major/21.webp', CURRENT_TIMESTAMP, CURRENT_TIMESTAMP),
(23, 'Ace of Wands', 'Năng lượng nguyên tố thuần túy, không gắn liền với nhân vật cụ thể trong truyền thuyết PixelMage.', NULL, 'Minor', 'Wands', 1, 'COMMO', true, '/assets/cards/minor/wands/ace.webp', CURRENT_TIMESTAMP, CURRENT_TIMESTAMP),
(24, 'Two of Wands', 'Năng lượng nguyên tố thuần túy, không gắn liền với nhân vật cụ thể trong truyền thuyết PixelMage.', NULL, 'Minor', 'Wands', 2, 'COMMO', true, '/assets/cards/minor/wands/two.webp', CURRENT_TIMESTAMP, CURRENT_TIMESTAMP),
(25, 'Three of Wands', 'Năng lượng nguyên tố thuần túy, không gắn liền với nhân vật cụ thể trong truyền thuyết PixelMage.', NULL, 'Minor', 'Wands', 3, 'COMMO', true, '/assets/cards/minor/wands/three.webp', CURRENT_TIMESTAMP, CURRENT_TIMESTAMP),
(26, 'Four of Wands', 'Năng lượng nguyên tố thuần túy, không gắn liền với nhân vật cụ thể trong truyền thuyết PixelMage.', NULL, 'Minor', 'Wands', 4, 'COMMO', true, '/assets/cards/minor/wands/four.webp', CURRENT_TIMESTAMP, CURRENT_TIMESTAMP),
(27, 'Five of Wands', 'Năng lượng nguyên tố thuần túy, không gắn liền với nhân vật cụ thể trong truyền thuyết PixelMage.', NULL, 'Minor', 'Wands', 5, 'COMMO', true, '/assets/cards/minor/wands/five.webp', CURRENT_TIMESTAMP, CURRENT_TIMESTAMP),
(28, 'Six of Wands', 'Năng lượng nguyên tố thuần túy, không gắn liền với nhân vật cụ thể trong truyền thuyết PixelMage.', NULL, 'Minor', 'Wands', 6, 'COMMO', true, '/assets/cards/minor/wands/six.webp', CURRENT_TIMESTAMP, CURRENT_TIMESTAMP),
(29, 'Seven of Wands', 'Năng lượng nguyên tố thuần túy, không gắn liền với nhân vật cụ thể trong truyền thuyết PixelMage.', NULL, 'Minor', 'Wands', 7, 'COMMO', true, '/assets/cards/minor/wands/seven.webp', CURRENT_TIMESTAMP, CURRENT_TIMESTAMP),
(30, 'Eight of Wands', 'Năng lượng nguyên tố thuần túy, không gắn liền với nhân vật cụ thể trong truyền thuyết PixelMage.', NULL, 'Minor', 'Wands', 8, 'COMMO', true, '/assets/cards/minor/wands/eight.webp', CURRENT_TIMESTAMP, CURRENT_TIMESTAMP),
(31, 'Nine of Wands', 'Năng lượng nguyên tố thuần túy, không gắn liền với nhân vật cụ thể trong truyền thuyết PixelMage.', NULL, 'Minor', 'Wands', 9, 'COMMO', true, '/assets/cards/minor/wands/nine.webp', CURRENT_TIMESTAMP, CURRENT_TIMESTAMP),
(32, 'Ten of Wands', 'Năng lượng nguyên tố thuần túy, không gắn liền với nhân vật cụ thể trong truyền thuyết PixelMage.', NULL, 'Minor', 'Wands', 10, 'COMMO', true, '/assets/cards/minor/wands/ten.webp', CURRENT_TIMESTAMP, CURRENT_TIMESTAMP),
(33, 'Page of Wands', 'Năng lượng nguyên tố thuần túy, không gắn liền với nhân vật cụ thể trong truyền thuyết PixelMage.', NULL, 'Minor', 'Wands', 11, 'RARE', true, '/assets/cards/minor/wands/page.webp', CURRENT_TIMESTAMP, CURRENT_TIMESTAMP),
(34, 'Knight of Wands', 'Năng lượng nguyên tố thuần túy, không gắn liền với nhân vật cụ thể trong truyền thuyết PixelMage.', NULL, 'Minor', 'Wands', 12, 'RARE', true, '/assets/cards/minor/wands/knight.webp', CURRENT_TIMESTAMP, CURRENT_TIMESTAMP),
(35, 'Queen of Wands', 'Năng lượng nguyên tố thuần túy, không gắn liền với nhân vật cụ thể trong truyền thuyết PixelMage.', NULL, 'Minor', 'Wands', 13, 'RARE', true, '/assets/cards/minor/wands/queen.webp', CURRENT_TIMESTAMP, CURRENT_TIMESTAMP),
(36, 'King of Wands', 'Năng lượng nguyên tố thuần túy, không gắn liền với nhân vật cụ thể trong truyền thuyết PixelMage.', NULL, 'Minor', 'Wands', 14, 'RARE', true, '/assets/cards/minor/wands/king.webp', CURRENT_TIMESTAMP, CURRENT_TIMESTAMP),
(37, 'Ace of Cups', 'Năng lượng nguyên tố thuần túy, không gắn liền với nhân vật cụ thể trong truyền thuyết PixelMage.', NULL, 'Minor', 'Cups', 1, 'COMMO', true, '/assets/cards/minor/cups/ace.webp', CURRENT_TIMESTAMP, CURRENT_TIMESTAMP),
(38, 'Two of Cups', 'Năng lượng nguyên tố thuần túy, không gắn liền với nhân vật cụ thể trong truyền thuyết PixelMage.', NULL, 'Minor', 'Cups', 2, 'COMMO', true, '/assets/cards/minor/cups/two.webp', CURRENT_TIMESTAMP, CURRENT_TIMESTAMP),
(39, 'Three of Cups', 'Năng lượng nguyên tố thuần túy, không gắn liền với nhân vật cụ thể trong truyền thuyết PixelMage.', NULL, 'Minor', 'Cups', 3, 'COMMO', true, '/assets/cards/minor/cups/three.webp', CURRENT_TIMESTAMP, CURRENT_TIMESTAMP),
(40, 'Four of Cups', 'Năng lượng nguyên tố thuần túy, không gắn liền với nhân vật cụ thể trong truyền thuyết PixelMage.', NULL, 'Minor', 'Cups', 4, 'COMMO', true, '/assets/cards/minor/cups/four.webp', CURRENT_TIMESTAMP, CURRENT_TIMESTAMP),
(41, 'Five of Cups', 'Năng lượng nguyên tố thuần túy, không gắn liền với nhân vật cụ thể trong truyền thuyết PixelMage.', NULL, 'Minor', 'Cups', 5, 'COMMO', true, '/assets/cards/minor/cups/five.webp', CURRENT_TIMESTAMP, CURRENT_TIMESTAMP),
(42, 'Six of Cups', 'Năng lượng nguyên tố thuần túy, không gắn liền với nhân vật cụ thể trong truyền thuyết PixelMage.', NULL, 'Minor', 'Cups', 6, 'COMMO', true, '/assets/cards/minor/cups/six.webp', CURRENT_TIMESTAMP, CURRENT_TIMESTAMP),
(43, 'Seven of Cups', 'Năng lượng nguyên tố thuần túy, không gắn liền với nhân vật cụ thể trong truyền thuyết PixelMage.', NULL, 'Minor', 'Cups', 7, 'COMMO', true, '/assets/cards/minor/cups/seven.webp', CURRENT_TIMESTAMP, CURRENT_TIMESTAMP),
(44, 'Eight of Cups', 'Năng lượng nguyên tố thuần túy, không gắn liền với nhân vật cụ thể trong truyền thuyết PixelMage.', NULL, 'Minor', 'Cups', 8, 'COMMO', true, '/assets/cards/minor/cups/eight.webp', CURRENT_TIMESTAMP, CURRENT_TIMESTAMP),
(45, 'Nine of Cups', 'Năng lượng nguyên tố thuần túy, không gắn liền với nhân vật cụ thể trong truyền thuyết PixelMage.', NULL, 'Minor', 'Cups', 9, 'COMMO', true, '/assets/cards/minor/cups/nine.webp', CURRENT_TIMESTAMP, CURRENT_TIMESTAMP),
(46, 'Ten of Cups', 'Năng lượng nguyên tố thuần túy, không gắn liền với nhân vật cụ thể trong truyền thuyết PixelMage.', NULL, 'Minor', 'Cups', 10, 'COMMO', true, '/assets/cards/minor/cups/ten.webp', CURRENT_TIMESTAMP, CURRENT_TIMESTAMP),
(47, 'Page of Cups', 'Năng lượng nguyên tố thuần túy, không gắn liền với nhân vật cụ thể trong truyền thuyết PixelMage.', NULL, 'Minor', 'Cups', 11, 'RARE', true, '/assets/cards/minor/cups/page.webp', CURRENT_TIMESTAMP, CURRENT_TIMESTAMP),
(48, 'Knight of Cups', 'Năng lượng nguyên tố thuần túy, không gắn liền với nhân vật cụ thể trong truyền thuyết PixelMage.', NULL, 'Minor', 'Cups', 12, 'RARE', true, '/assets/cards/minor/cups/knight.webp', CURRENT_TIMESTAMP, CURRENT_TIMESTAMP),
(49, 'Queen of Cups', 'Năng lượng nguyên tố thuần túy, không gắn liền với nhân vật cụ thể trong truyền thuyết PixelMage.', NULL, 'Minor', 'Cups', 13, 'RARE', true, '/assets/cards/minor/cups/queen.webp', CURRENT_TIMESTAMP, CURRENT_TIMESTAMP),
(50, 'King of Cups', 'Năng lượng nguyên tố thuần túy, không gắn liền với nhân vật cụ thể trong truyền thuyết PixelMage.', NULL, 'Minor', 'Cups', 14, 'RARE', true, '/assets/cards/minor/cups/king.webp', CURRENT_TIMESTAMP, CURRENT_TIMESTAMP),
(51, 'Ace of Swords', 'Năng lượng nguyên tố thuần túy, không gắn liền với nhân vật cụ thể trong truyền thuyết PixelMage.', NULL, 'Minor', 'Swords', 1, 'COMMO', true, '/assets/cards/minor/swords/ace.webp', CURRENT_TIMESTAMP, CURRENT_TIMESTAMP),
(52, 'Two of Swords', 'Năng lượng nguyên tố thuần túy, không gắn liền với nhân vật cụ thể trong truyền thuyết PixelMage.', NULL, 'Minor', 'Swords', 2, 'COMMO', true, '/assets/cards/minor/swords/two.webp', CURRENT_TIMESTAMP, CURRENT_TIMESTAMP),
(53, 'Three of Swords', 'Năng lượng nguyên tố thuần túy, không gắn liền với nhân vật cụ thể trong truyền thuyết PixelMage.', NULL, 'Minor', 'Swords', 3, 'COMMO', true, '/assets/cards/minor/swords/three.webp', CURRENT_TIMESTAMP, CURRENT_TIMESTAMP),
(54, 'Four of Swords', 'Năng lượng nguyên tố thuần túy, không gắn liền với nhân vật cụ thể trong truyền thuyết PixelMage.', NULL, 'Minor', 'Swords', 4, 'COMMO', true, '/assets/cards/minor/swords/four.webp', CURRENT_TIMESTAMP, CURRENT_TIMESTAMP),
(55, 'Five of Swords', 'Năng lượng nguyên tố thuần túy, không gắn liền với nhân vật cụ thể trong truyền thuyết PixelMage.', NULL, 'Minor', 'Swords', 5, 'COMMO', true, '/assets/cards/minor/swords/five.webp', CURRENT_TIMESTAMP, CURRENT_TIMESTAMP),
(56, 'Six of Swords', 'Năng lượng nguyên tố thuần túy, không gắn liền với nhân vật cụ thể trong truyền thuyết PixelMage.', NULL, 'Minor', 'Swords', 6, 'COMMO', true, '/assets/cards/minor/swords/six.webp', CURRENT_TIMESTAMP, CURRENT_TIMESTAMP),
(57, 'Seven of Swords', 'Năng lượng nguyên tố thuần túy, không gắn liền với nhân vật cụ thể trong truyền thuyết PixelMage.', NULL, 'Minor', 'Swords', 7, 'COMMO', true, '/assets/cards/minor/swords/seven.webp', CURRENT_TIMESTAMP, CURRENT_TIMESTAMP),
(58, 'Eight of Swords', 'Năng lượng nguyên tố thuần túy, không gắn liền với nhân vật cụ thể trong truyền thuyết PixelMage.', NULL, 'Minor', 'Swords', 8, 'COMMO', true, '/assets/cards/minor/swords/eight.webp', CURRENT_TIMESTAMP, CURRENT_TIMESTAMP),
(59, 'Nine of Swords', 'Năng lượng nguyên tố thuần túy, không gắn liền với nhân vật cụ thể trong truyền thuyết PixelMage.', NULL, 'Minor', 'Swords', 9, 'COMMO', true, '/assets/cards/minor/swords/nine.webp', CURRENT_TIMESTAMP, CURRENT_TIMESTAMP),
(60, 'Ten of Swords', 'Năng lượng nguyên tố thuần túy, không gắn liền với nhân vật cụ thể trong truyền thuyết PixelMage.', NULL, 'Minor', 'Swords', 10, 'COMMO', true, '/assets/cards/minor/swords/ten.webp', CURRENT_TIMESTAMP, CURRENT_TIMESTAMP),
(61, 'Page of Swords', 'Năng lượng nguyên tố thuần túy, không gắn liền với nhân vật cụ thể trong truyền thuyết PixelMage.', NULL, 'Minor', 'Swords', 11, 'RARE', true, '/assets/cards/minor/swords/page.webp', CURRENT_TIMESTAMP, CURRENT_TIMESTAMP),
(62, 'Knight of Swords', 'Năng lượng nguyên tố thuần túy, không gắn liền với nhân vật cụ thể trong truyền thuyết PixelMage.', NULL, 'Minor', 'Swords', 12, 'RARE', true, '/assets/cards/minor/swords/knight.webp', CURRENT_TIMESTAMP, CURRENT_TIMESTAMP),
(63, 'Queen of Swords', 'Năng lượng nguyên tố thuần túy, không gắn liền với nhân vật cụ thể trong truyền thuyết PixelMage.', NULL, 'Minor', 'Swords', 13, 'RARE', true, '/assets/cards/minor/swords/queen.webp', CURRENT_TIMESTAMP, CURRENT_TIMESTAMP),
(64, 'King of Swords', 'Năng lượng nguyên tố thuần túy, không gắn liền với nhân vật cụ thể trong truyền thuyết PixelMage.', NULL, 'Minor', 'Swords', 14, 'RARE', true, '/assets/cards/minor/swords/king.webp', CURRENT_TIMESTAMP, CURRENT_TIMESTAMP),
(65, 'Ace of Pentacles', 'Năng lượng nguyên tố thuần túy, không gắn liền với nhân vật cụ thể trong truyền thuyết PixelMage.', NULL, 'Minor', 'Pentacles', 1, 'COMMO', true, '/assets/cards/minor/pentacles/ace.webp', CURRENT_TIMESTAMP, CURRENT_TIMESTAMP),
(66, 'Two of Pentacles', 'Năng lượng nguyên tố thuần túy, không gắn liền với nhân vật cụ thể trong truyền thuyết PixelMage.', NULL, 'Minor', 'Pentacles', 2, 'COMMO', true, '/assets/cards/minor/pentacles/two.webp', CURRENT_TIMESTAMP, CURRENT_TIMESTAMP),
(67, 'Three of Pentacles', 'Năng lượng nguyên tố thuần túy, không gắn liền với nhân vật cụ thể trong truyền thuyết PixelMage.', NULL, 'Minor', 'Pentacles', 3, 'COMMO', true, '/assets/cards/minor/pentacles/three.webp', CURRENT_TIMESTAMP, CURRENT_TIMESTAMP),
(68, 'Four of Pentacles', 'Năng lượng nguyên tố thuần túy, không gắn liền với nhân vật cụ thể trong truyền thuyết PixelMage.', NULL, 'Minor', 'Pentacles', 4, 'COMMO', true, '/assets/cards/minor/pentacles/four.webp', CURRENT_TIMESTAMP, CURRENT_TIMESTAMP),
(69, 'Five of Pentacles', 'Năng lượng nguyên tố thuần túy, không gắn liền với nhân vật cụ thể trong truyền thuyết PixelMage.', NULL, 'Minor', 'Pentacles', 5, 'COMMO', true, '/assets/cards/minor/pentacles/five.webp', CURRENT_TIMESTAMP, CURRENT_TIMESTAMP),
(70, 'Six of Pentacles', 'Năng lượng nguyên tố thuần túy, không gắn liền với nhân vật cụ thể trong truyền thuyết PixelMage.', NULL, 'Minor', 'Pentacles', 6, 'COMMO', true, '/assets/cards/minor/pentacles/six.webp', CURRENT_TIMESTAMP, CURRENT_TIMESTAMP),
(71, 'Seven of Pentacles', 'Năng lượng nguyên tố thuần túy, không gắn liền với nhân vật cụ thể trong truyền thuyết PixelMage.', NULL, 'Minor', 'Pentacles', 7, 'COMMO', true, '/assets/cards/minor/pentacles/seven.webp', CURRENT_TIMESTAMP, CURRENT_TIMESTAMP),
(72, 'Eight of Pentacles', 'Năng lượng nguyên tố thuần túy, không gắn liền với nhân vật cụ thể trong truyền thuyết PixelMage.', NULL, 'Minor', 'Pentacles', 8, 'COMMO', true, '/assets/cards/minor/pentacles/eight.webp', CURRENT_TIMESTAMP, CURRENT_TIMESTAMP),
(73, 'Nine of Pentacles', 'Năng lượng nguyên tố thuần túy, không gắn liền với nhân vật cụ thể trong truyền thuyết PixelMage.', NULL, 'Minor', 'Pentacles', 9, 'COMMO', true, '/assets/cards/minor/pentacles/nine.webp', CURRENT_TIMESTAMP, CURRENT_TIMESTAMP),
(74, 'Ten of Pentacles', 'Năng lượng nguyên tố thuần túy, không gắn liền với nhân vật cụ thể trong truyền thuyết PixelMage.', NULL, 'Minor', 'Pentacles', 10, 'COMMO', true, '/assets/cards/minor/pentacles/ten.webp', CURRENT_TIMESTAMP, CURRENT_TIMESTAMP),
(75, 'Page of Pentacles', 'Năng lượng nguyên tố thuần túy, không gắn liền với nhân vật cụ thể trong truyền thuyết PixelMage.', NULL, 'Minor', 'Pentacles', 11, 'RARE', true, '/assets/cards/minor/pentacles/page.webp', CURRENT_TIMESTAMP, CURRENT_TIMESTAMP),
(76, 'Knight of Pentacles', 'Năng lượng nguyên tố thuần túy, không gắn liền với nhân vật cụ thể trong truyền thuyết PixelMage.', NULL, 'Minor', 'Pentacles', 12, 'RARE', true, '/assets/cards/minor/pentacles/knight.webp', CURRENT_TIMESTAMP, CURRENT_TIMESTAMP),
(77, 'Queen of Pentacles', 'Năng lượng nguyên tố thuần túy, không gắn liền với nhân vật cụ thể trong truyền thuyết PixelMage.', NULL, 'Minor', 'Pentacles', 13, 'RARE', true, '/assets/cards/minor/pentacles/queen.webp', CURRENT_TIMESTAMP, CURRENT_TIMESTAMP),
(78, 'King of Pentacles', 'Năng lượng nguyên tố thuần túy, không gắn liền với nhân vật cụ thể trong truyền thuyết PixelMage.', NULL, 'Minor', 'Pentacles', 14, 'RARE', true, '/assets/cards/minor/pentacles/king.webp', CURRENT_TIMESTAMP, CURRENT_TIMESTAMP);


INSERT INTO divine_helpers (divine_helper_id, card_template_id, upright_meaning, reversed_meaning, zodiac_sign, element, keywords, created_at, updated_at) VALUES
(1, 1, 'Khởi đầu mới, tự do, mạo hiểm', 'Bất cẩn, liều lĩnh', 'Không quy định', 'Không Khí (Air)', 'Khởi đầu mới, tự do, mạo hiểm', CURRENT_TIMESTAMP, CURRENT_TIMESTAMP),
(2, 2, 'Ý chí, sức mạnh, hiện thực hoá', 'Thao túng, tiềm năng lãng phí', 'Không quy định', 'Không Khí (Air)', 'Ý chí, sức mạnh, hiện thực hoá', CURRENT_TIMESTAMP, CURRENT_TIMESTAMP),
(3, 3, 'Trực giác, bí ẩn, vô thức', 'Bí mật, cắt đứt cảm xúc', 'Không quy định', 'Nước (Water)', 'Trực giác, bí ẩn, vô thức', CURRENT_TIMESTAMP, CURRENT_TIMESTAMP),
(4, 4, 'Phong phú, sinh sản, nuôi dưỡng', 'Phụ thuộc, trì trệ sáng tạo', 'Không quy định', 'Đất (Earth)', 'Phong phú, sinh sản, nuôi dưỡng', CURRENT_TIMESTAMP, CURRENT_TIMESTAMP),
(5, 5, 'Quyền uy, cấu trúc, ổn định', 'Cứng nhắc, kiểm soát thái quá', 'Bạch Dương (Aries)', 'Lửa (Fire)', 'Quyền uy, cấu trúc, ổn định', CURRENT_TIMESTAMP, CURRENT_TIMESTAMP),
(6, 6, 'Truyền thống, tâm linh, hướng dẫ', 'Giáo điều, phản kháng', 'Kim Ngưu (Taurus)', 'Đất (Earth)', 'Truyền thống, tâm linh, hướng dẫ', CURRENT_TIMESTAMP, CURRENT_TIMESTAMP),
(7, 7, 'Tình yêu, lựa chọn, sự kết hợp', 'Mất cân bằng, lựa chọn sai', 'Song Tử (Gemini)', 'Không Khí (Air)', 'Tình yêu, lựa chọn, sự kết hợp', CURRENT_TIMESTAMP, CURRENT_TIMESTAMP),
(8, 8, 'Ý chí, kiểm soát, chiến thắng', 'Thiếu kiểm soát, hung hăng', 'Cự Giải (Cancer)', 'Nước (Water)', 'Ý chí, kiểm soát, chiến thắng', CURRENT_TIMESTAMP, CURRENT_TIMESTAMP),
(9, 9, 'Dũng cảm, kiên nhẫn, nội lực', 'Yếu đuối, nghi ngờ bản thâ', 'Sư Tử (Leo)', 'Lửa (Fire)', 'Dũng cảm, kiên nhẫn, nội lực', CURRENT_TIMESTAMP, CURRENT_TIMESTAMP),
(10, 10, 'Nội tâm, khôn ngoan, cô độc', 'Cô lập, rút lui', 'Xử Nữ (Virgo)', 'Đất (Earth)', 'Nội tâm, khôn ngoan, cô độc', CURRENT_TIMESTAMP, CURRENT_TIMESTAMP),
(11, 11, 'Vận may, chu kỳ, số phậ', 'Vận xui, kháng cự thay đổi', 'Không quy định', 'Lửa (Fire)', 'Vận may, chu kỳ, số phậ', CURRENT_TIMESTAMP, CURRENT_TIMESTAMP),
(12, 12, 'Công bằng, sự thật, nhân quả', 'Bất công, vô trách nhiệm', 'Thiên Bình (Libra)', 'Không Khí (Air)', 'Công bằng, sự thật, nhân quả', CURRENT_TIMESTAMP, CURRENT_TIMESTAMP),
(13, 13, 'Từ bỏ, góc nhìn mới, hy sinh', 'Trì hoãn, tuẫn tiết vô nghĩa', 'Không quy định', 'Nước (Water)', 'Từ bỏ, góc nhìn mới, hy sinh', CURRENT_TIMESTAMP, CURRENT_TIMESTAMP),
(14, 14, 'Kết thúc, chuyển hoá, tái sinh', 'Kháng cự thay đổi, trì trệ', 'Bọ Cạp (Scorpio)', 'Nước (Water)', 'Kết thúc, chuyển hoá, tái sinh', CURRENT_TIMESTAMP, CURRENT_TIMESTAMP),
(15, 15, 'Cân bằng, kiên nhẫn, điều độ', 'Mất cân bằng, thái quá', 'Nhân Mã (Sagittarius)', 'Lửa (Fire)', 'Cân bằng, kiên nhẫn, điều độ', CURRENT_TIMESTAMP, CURRENT_TIMESTAMP),
(16, 16, 'Ràng buộc, vật chất, bóng tối', 'Giải thoát, nhận thức', 'Ma Kết (Capricorn)', 'Đất (Earth)', 'Ràng buộc, vật chất, bóng tối', CURRENT_TIMESTAMP, CURRENT_TIMESTAMP),
(17, 17, 'Sụp đổ đột ngột, khải thị', 'Tránh né thảm họa, trì hoã', 'Không quy định', 'Lửa (Fire)', 'Sụp đổ đột ngột, khải thị', CURRENT_TIMESTAMP, CURRENT_TIMESTAMP),
(18, 18, 'Hy vọng, cảm hứng, chữa lành', 'Tuyệt vọng, mất niềm ti', 'Bảo Bình (Aquarius)', 'Không Khí (Air)', 'Hy vọng, cảm hứng, chữa lành', CURRENT_TIMESTAMP, CURRENT_TIMESTAMP),
(19, 19, 'Ảo tưởng, sợ hãi, vô thức', 'Giải phóng sợ hãi, rõ ràng hơ', 'Song Ngư (Pisces)', 'Nước (Water)', 'Ảo tưởng, sợ hãi, vô thức', CURRENT_TIMESTAMP, CURRENT_TIMESTAMP),
(20, 20, 'Vui vẻ, thành công, sức sống', 'Tạm thời, lạc quan thái quá', 'Không quy định', 'Lửa (Fire)', 'Vui vẻ, thành công, sức sống', CURRENT_TIMESTAMP, CURRENT_TIMESTAMP),
(21, 21, 'Thức tỉnh, tha thứ, tái sinh', 'Tự phê bình, nghi ngờ', 'Không quy định', 'Lửa (Fire)', 'Thức tỉnh, tha thứ, tái sinh', CURRENT_TIMESTAMP, CURRENT_TIMESTAMP),
(22, 22, 'Hoàn thành, tích hợp, thành tựu', 'Dang dở, thiếu kết thúc', 'Không quy định', 'Đất (Earth)', 'Hoàn thành, tích hợp, thành tựu', CURRENT_TIMESTAMP, CURRENT_TIMESTAMP),
(23, 23, 'Khởi đầu mới, cơ hội, cảm hứng mang đam mê, hành động, sáng tạo', 'Cơ hội bị bỏ lỡ, trì hoã', NULL, 'Lửa (Fire)', 'Khởi đầu, Tiềm năng, Đam mê, Hành động, Sáng tạo', CURRENT_TIMESTAMP, CURRENT_TIMESTAMP),
(24, 24, 'Lựa chọn, cân bằng, đối tác mang đam mê, hành động, sáng tạo', 'Mất cân bằng, quyết định tăm tối', NULL, 'Lửa (Fire)', 'Cân bằng, Lựa chọn, Đam mê, Hành động, Sáng tạo', CURRENT_TIMESTAMP, CURRENT_TIMESTAMP),
(25, 25, 'Phát triển, hợp tác, mở rộng mang đam mê, hành động, sáng tạo', 'Trì hoãn, làm việc nhóm kém', NULL, 'Lửa (Fire)', 'Hợp tác, Phát triển, Đam mê, Hành động, Sáng tạo', CURRENT_TIMESTAMP, CURRENT_TIMESTAMP),
(26, 26, 'Ổn định, nền tảng, an toàn mang đam mê, hành động, sáng tạo', 'Bất ổn, nền tảng lung lay', NULL, 'Lửa (Fire)', 'Ổn định, Nền tảng, Đam mê, Hành động, Sáng tạo', CURRENT_TIMESTAMP, CURRENT_TIMESTAMP),
(27, 27, 'Xung đột, thay đổi, khó khăn mang đam mê, hành động, sáng tạo', 'Giải quyết xung đột, học từ thất bại', NULL, 'Lửa (Fire)', 'Xung đột, Thách thức, Đam mê, Hành động, Sáng tạo', CURRENT_TIMESTAMP, CURRENT_TIMESTAMP),
(28, 28, 'Hòa hợp, chiến thắng, ký ức mang đam mê, hành động, sáng tạo', 'Mất động lực, níu kéo quá khứ', NULL, 'Lửa (Fire)', 'Hòa hợp, Phục hồi, Đam mê, Hành động, Sáng tạo', CURRENT_TIMESTAMP, CURRENT_TIMESTAMP),
(29, 29, 'Đánh giá, kiên nhẫn, chiến lược mang đam mê, hành động, sáng tạo', 'Thiếu định hướng, do dự', NULL, 'Lửa (Fire)', 'Kiên nhẫn, Đánh giá, Đam mê, Hành động, Sáng tạo', CURRENT_TIMESTAMP, CURRENT_TIMESTAMP),
(30, 30, 'Hành động, thay đổi, kỹ năng mang đam mê, hành động, sáng tạo', 'Trì trệ, mất tập trung', NULL, 'Lửa (Fire)', 'Hành động, Tiến bộ, Đam mê, Hành động, Sáng tạo', CURRENT_TIMESTAMP, CURRENT_TIMESTAMP),
(31, 31, 'Viên mãn, tự hào, độc lập mang đam mê, hành động, sáng tạo', 'Tự mãn, khao khát xa vời', NULL, 'Lửa (Fire)', 'Thành tựu, Viên mãn, Đam mê, Hành động, Sáng tạo', CURRENT_TIMESTAMP, CURRENT_TIMESTAMP),
(32, 32, 'Hoàn thành, kết thúc chu kỳ, phần thưởng mang đam mê, hành động, sáng tạo', 'Kết thúc buồn, gánh nặng', NULL, 'Lửa (Fire)', 'Hoàn thành, Gánh nặng, Đam mê, Hành động, Sáng tạo', CURRENT_TIMESTAMP, CURRENT_TIMESTAMP),
(33, 33, 'Khám phá, tin tức, học hỏi mang đam mê, hành động, sáng tạo', 'Thiếu trưởng thành, tin xấu', NULL, 'Lửa (Fire)', 'Tin tức, Khám phá, Đam mê, Hành động, Sáng tạo', CURRENT_TIMESTAMP, CURRENT_TIMESTAMP),
(34, 34, 'Hành động, quyết tâm, năng lượng mang đam mê, hành động, sáng tạo', 'Bốc đồng, mất phương hướng', NULL, 'Lửa (Fire)', 'Hành động, Giải pháp, Đam mê, Hành động, Sáng tạo', CURRENT_TIMESTAMP, CURRENT_TIMESTAMP),
(35, 35, 'Nuôi dưỡng, trực giác, tĩnh lặng mang đam mê, hành động, sáng tạo', 'Khép kín, cảm xúc bất ổ', NULL, 'Lửa (Fire)', 'Trực giác, Chăm sóc, Đam mê, Hành động, Sáng tạo', CURRENT_TIMESTAMP, CURRENT_TIMESTAMP),
(36, 36, 'Lãnh đạo, kiểm soát, trưởng thành mang đam mê, hành động, sáng tạo', 'Độc đoán, lạm quyề', NULL, 'Lửa (Fire)', 'Lãnh đạo, Quyền lực, Đam mê, Hành động, Sáng tạo', CURRENT_TIMESTAMP, CURRENT_TIMESTAMP),
(37, 37, 'Khởi đầu mới, cơ hội, cảm hứng mang cảm xúc, mối quan hệ, trực giác', 'Cơ hội bị bỏ lỡ, trì hoã', NULL, 'Nước (Water)', 'Khởi đầu, Tiềm năng, Cảm xúc, Mối quan hệ, Trực giác', CURRENT_TIMESTAMP, CURRENT_TIMESTAMP),
(38, 38, 'Lựa chọn, cân bằng, đối tác mang cảm xúc, mối quan hệ, trực giác', 'Mất cân bằng, quyết định tăm tối', NULL, 'Nước (Water)', 'Cân bằng, Lựa chọn, Cảm xúc, Mối quan hệ, Trực giác', CURRENT_TIMESTAMP, CURRENT_TIMESTAMP),
(39, 39, 'Phát triển, hợp tác, mở rộng mang cảm xúc, mối quan hệ, trực giác', 'Trì hoãn, làm việc nhóm kém', NULL, 'Nước (Water)', 'Hợp tác, Phát triển, Cảm xúc, Mối quan hệ, Trực giác', CURRENT_TIMESTAMP, CURRENT_TIMESTAMP),
(40, 40, 'Ổn định, nền tảng, an toàn mang cảm xúc, mối quan hệ, trực giác', 'Bất ổn, nền tảng lung lay', NULL, 'Nước (Water)', 'Ổn định, Nền tảng, Cảm xúc, Mối quan hệ, Trực giác', CURRENT_TIMESTAMP, CURRENT_TIMESTAMP),
(41, 41, 'Xung đột, thay đổi, khó khăn mang cảm xúc, mối quan hệ, trực giác', 'Giải quyết xung đột, học từ thất bại', NULL, 'Nước (Water)', 'Xung đột, Thách thức, Cảm xúc, Mối quan hệ, Trực giác', CURRENT_TIMESTAMP, CURRENT_TIMESTAMP),
(42, 42, 'Hòa hợp, chiến thắng, ký ức mang cảm xúc, mối quan hệ, trực giác', 'Mất động lực, níu kéo quá khứ', NULL, 'Nước (Water)', 'Hòa hợp, Phục hồi, Cảm xúc, Mối quan hệ, Trực giác', CURRENT_TIMESTAMP, CURRENT_TIMESTAMP),
(43, 43, 'Đánh giá, kiên nhẫn, chiến lược mang cảm xúc, mối quan hệ, trực giác', 'Thiếu định hướng, do dự', NULL, 'Nước (Water)', 'Kiên nhẫn, Đánh giá, Cảm xúc, Mối quan hệ, Trực giác', CURRENT_TIMESTAMP, CURRENT_TIMESTAMP),
(44, 44, 'Hành động, thay đổi, kỹ năng mang cảm xúc, mối quan hệ, trực giác', 'Trì trệ, mất tập trung', NULL, 'Nước (Water)', 'Hành động, Tiến bộ, Cảm xúc, Mối quan hệ, Trực giác', CURRENT_TIMESTAMP, CURRENT_TIMESTAMP),
(45, 45, 'Viên mãn, tự hào, độc lập mang cảm xúc, mối quan hệ, trực giác', 'Tự mãn, khao khát xa vời', NULL, 'Nước (Water)', 'Thành tựu, Viên mãn, Cảm xúc, Mối quan hệ, Trực giác', CURRENT_TIMESTAMP, CURRENT_TIMESTAMP),
(46, 46, 'Hoàn thành, kết thúc chu kỳ, phần thưởng mang cảm xúc, mối quan hệ, trực giác', 'Kết thúc buồn, gánh nặng', NULL, 'Nước (Water)', 'Hoàn thành, Gánh nặng, Cảm xúc, Mối quan hệ, Trực giác', CURRENT_TIMESTAMP, CURRENT_TIMESTAMP),
(47, 47, 'Khám phá, tin tức, học hỏi mang cảm xúc, mối quan hệ, trực giác', 'Thiếu trưởng thành, tin xấu', NULL, 'Nước (Water)', 'Tin tức, Khám phá, Cảm xúc, Mối quan hệ, Trực giác', CURRENT_TIMESTAMP, CURRENT_TIMESTAMP),
(48, 48, 'Hành động, quyết tâm, năng lượng mang cảm xúc, mối quan hệ, trực giác', 'Bốc đồng, mất phương hướng', NULL, 'Nước (Water)', 'Hành động, Giải pháp, Cảm xúc, Mối quan hệ, Trực giác', CURRENT_TIMESTAMP, CURRENT_TIMESTAMP),
(49, 49, 'Nuôi dưỡng, trực giác, tĩnh lặng mang cảm xúc, mối quan hệ, trực giác', 'Khép kín, cảm xúc bất ổ', NULL, 'Nước (Water)', 'Trực giác, Chăm sóc, Cảm xúc, Mối quan hệ, Trực giác', CURRENT_TIMESTAMP, CURRENT_TIMESTAMP),
(50, 50, 'Lãnh đạo, kiểm soát, trưởng thành mang cảm xúc, mối quan hệ, trực giác', 'Độc đoán, lạm quyề', NULL, 'Nước (Water)', 'Lãnh đạo, Quyền lực, Cảm xúc, Mối quan hệ, Trực giác', CURRENT_TIMESTAMP, CURRENT_TIMESTAMP),
(51, 51, 'Khởi đầu mới, cơ hội, cảm hứng mang tư duy, lý trí, xung đột', 'Cơ hội bị bỏ lỡ, trì hoã', NULL, 'Không Khí (Air)', 'Khởi đầu, Tiềm năng, Tư duy, Lý trí, Xung đột', CURRENT_TIMESTAMP, CURRENT_TIMESTAMP),
(52, 52, 'Lựa chọn, cân bằng, đối tác mang tư duy, lý trí, xung đột', 'Mất cân bằng, quyết định tăm tối', NULL, 'Không Khí (Air)', 'Cân bằng, Lựa chọn, Tư duy, Lý trí, Xung đột', CURRENT_TIMESTAMP, CURRENT_TIMESTAMP),
(53, 53, 'Phát triển, hợp tác, mở rộng mang tư duy, lý trí, xung đột', 'Trì hoãn, làm việc nhóm kém', NULL, 'Không Khí (Air)', 'Hợp tác, Phát triển, Tư duy, Lý trí, Xung đột', CURRENT_TIMESTAMP, CURRENT_TIMESTAMP),
(54, 54, 'Ổn định, nền tảng, an toàn mang tư duy, lý trí, xung đột', 'Bất ổn, nền tảng lung lay', NULL, 'Không Khí (Air)', 'Ổn định, Nền tảng, Tư duy, Lý trí, Xung đột', CURRENT_TIMESTAMP, CURRENT_TIMESTAMP),
(55, 55, 'Xung đột, thay đổi, khó khăn mang tư duy, lý trí, xung đột', 'Giải quyết xung đột, học từ thất bại', NULL, 'Không Khí (Air)', 'Xung đột, Thách thức, Tư duy, Lý trí, Xung đột', CURRENT_TIMESTAMP, CURRENT_TIMESTAMP),
(56, 56, 'Hòa hợp, chiến thắng, ký ức mang tư duy, lý trí, xung đột', 'Mất động lực, níu kéo quá khứ', NULL, 'Không Khí (Air)', 'Hòa hợp, Phục hồi, Tư duy, Lý trí, Xung đột', CURRENT_TIMESTAMP, CURRENT_TIMESTAMP),
(57, 57, 'Đánh giá, kiên nhẫn, chiến lược mang tư duy, lý trí, xung đột', 'Thiếu định hướng, do dự', NULL, 'Không Khí (Air)', 'Kiên nhẫn, Đánh giá, Tư duy, Lý trí, Xung đột', CURRENT_TIMESTAMP, CURRENT_TIMESTAMP),
(58, 58, 'Hành động, thay đổi, kỹ năng mang tư duy, lý trí, xung đột', 'Trì trệ, mất tập trung', NULL, 'Không Khí (Air)', 'Hành động, Tiến bộ, Tư duy, Lý trí, Xung đột', CURRENT_TIMESTAMP, CURRENT_TIMESTAMP),
(59, 59, 'Viên mãn, tự hào, độc lập mang tư duy, lý trí, xung đột', 'Tự mãn, khao khát xa vời', NULL, 'Không Khí (Air)', 'Thành tựu, Viên mãn, Tư duy, Lý trí, Xung đột', CURRENT_TIMESTAMP, CURRENT_TIMESTAMP),
(60, 60, 'Hoàn thành, kết thúc chu kỳ, phần thưởng mang tư duy, lý trí, xung đột', 'Kết thúc buồn, gánh nặng', NULL, 'Không Khí (Air)', 'Hoàn thành, Gánh nặng, Tư duy, Lý trí, Xung đột', CURRENT_TIMESTAMP, CURRENT_TIMESTAMP),
(61, 61, 'Khám phá, tin tức, học hỏi mang tư duy, lý trí, xung đột', 'Thiếu trưởng thành, tin xấu', NULL, 'Không Khí (Air)', 'Tin tức, Khám phá, Tư duy, Lý trí, Xung đột', CURRENT_TIMESTAMP, CURRENT_TIMESTAMP),
(62, 62, 'Hành động, quyết tâm, năng lượng mang tư duy, lý trí, xung đột', 'Bốc đồng, mất phương hướng', NULL, 'Không Khí (Air)', 'Hành động, Giải pháp, Tư duy, Lý trí, Xung đột', CURRENT_TIMESTAMP, CURRENT_TIMESTAMP),
(63, 63, 'Nuôi dưỡng, trực giác, tĩnh lặng mang tư duy, lý trí, xung đột', 'Khép kín, cảm xúc bất ổ', NULL, 'Không Khí (Air)', 'Trực giác, Chăm sóc, Tư duy, Lý trí, Xung đột', CURRENT_TIMESTAMP, CURRENT_TIMESTAMP),
(64, 64, 'Lãnh đạo, kiểm soát, trưởng thành mang tư duy, lý trí, xung đột', 'Độc đoán, lạm quyề', NULL, 'Không Khí (Air)', 'Lãnh đạo, Quyền lực, Tư duy, Lý trí, Xung đột', CURRENT_TIMESTAMP, CURRENT_TIMESTAMP),
(65, 65, 'Khởi đầu mới, cơ hội, cảm hứng mang vật chất, thực tế, sức khỏe', 'Cơ hội bị bỏ lỡ, trì hoã', NULL, 'Đất (Earth)', 'Khởi đầu, Tiềm năng, Vật chất, Thực tế, Sức khỏe', CURRENT_TIMESTAMP, CURRENT_TIMESTAMP),
(66, 66, 'Lựa chọn, cân bằng, đối tác mang vật chất, thực tế, sức khỏe', 'Mất cân bằng, quyết định tăm tối', NULL, 'Đất (Earth)', 'Cân bằng, Lựa chọn, Vật chất, Thực tế, Sức khỏe', CURRENT_TIMESTAMP, CURRENT_TIMESTAMP),
(67, 67, 'Phát triển, hợp tác, mở rộng mang vật chất, thực tế, sức khỏe', 'Trì hoãn, làm việc nhóm kém', NULL, 'Đất (Earth)', 'Hợp tác, Phát triển, Vật chất, Thực tế, Sức khỏe', CURRENT_TIMESTAMP, CURRENT_TIMESTAMP),
(68, 68, 'Ổn định, nền tảng, an toàn mang vật chất, thực tế, sức khỏe', 'Bất ổn, nền tảng lung lay', NULL, 'Đất (Earth)', 'Ổn định, Nền tảng, Vật chất, Thực tế, Sức khỏe', CURRENT_TIMESTAMP, CURRENT_TIMESTAMP),
(69, 69, 'Xung đột, thay đổi, khó khăn mang vật chất, thực tế, sức khỏe', 'Giải quyết xung đột, học từ thất bại', NULL, 'Đất (Earth)', 'Xung đột, Thách thức, Vật chất, Thực tế, Sức khỏe', CURRENT_TIMESTAMP, CURRENT_TIMESTAMP),
(70, 70, 'Hòa hợp, chiến thắng, ký ức mang vật chất, thực tế, sức khỏe', 'Mất động lực, níu kéo quá khứ', NULL, 'Đất (Earth)', 'Hòa hợp, Phục hồi, Vật chất, Thực tế, Sức khỏe', CURRENT_TIMESTAMP, CURRENT_TIMESTAMP),
(71, 71, 'Đánh giá, kiên nhẫn, chiến lược mang vật chất, thực tế, sức khỏe', 'Thiếu định hướng, do dự', NULL, 'Đất (Earth)', 'Kiên nhẫn, Đánh giá, Vật chất, Thực tế, Sức khỏe', CURRENT_TIMESTAMP, CURRENT_TIMESTAMP),
(72, 72, 'Hành động, thay đổi, kỹ năng mang vật chất, thực tế, sức khỏe', 'Trì trệ, mất tập trung', NULL, 'Đất (Earth)', 'Hành động, Tiến bộ, Vật chất, Thực tế, Sức khỏe', CURRENT_TIMESTAMP, CURRENT_TIMESTAMP),
(73, 73, 'Viên mãn, tự hào, độc lập mang vật chất, thực tế, sức khỏe', 'Tự mãn, khao khát xa vời', NULL, 'Đất (Earth)', 'Thành tựu, Viên mãn, Vật chất, Thực tế, Sức khỏe', CURRENT_TIMESTAMP, CURRENT_TIMESTAMP),
(74, 74, 'Hoàn thành, kết thúc chu kỳ, phần thưởng mang vật chất, thực tế, sức khỏe', 'Kết thúc buồn, gánh nặng', NULL, 'Đất (Earth)', 'Hoàn thành, Gánh nặng, Vật chất, Thực tế, Sức khỏe', CURRENT_TIMESTAMP, CURRENT_TIMESTAMP),
(75, 75, 'Khám phá, tin tức, học hỏi mang vật chất, thực tế, sức khỏe', 'Thiếu trưởng thành, tin xấu', NULL, 'Đất (Earth)', 'Tin tức, Khám phá, Vật chất, Thực tế, Sức khỏe', CURRENT_TIMESTAMP, CURRENT_TIMESTAMP),
(76, 76, 'Hành động, quyết tâm, năng lượng mang vật chất, thực tế, sức khỏe', 'Bốc đồng, mất phương hướng', NULL, 'Đất (Earth)', 'Hành động, Giải pháp, Vật chất, Thực tế, Sức khỏe', CURRENT_TIMESTAMP, CURRENT_TIMESTAMP),
(77, 77, 'Nuôi dưỡng, trực giác, tĩnh lặng mang vật chất, thực tế, sức khỏe', 'Khép kín, cảm xúc bất ổ', NULL, 'Đất (Earth)', 'Trực giác, Chăm sóc, Vật chất, Thực tế, Sức khỏe', CURRENT_TIMESTAMP, CURRENT_TIMESTAMP),
(78, 78, 'Lãnh đạo, kiểm soát, trưởng thành mang vật chất, thực tế, sức khỏe', 'Độc đoán, lạm quyề', NULL, 'Đất (Earth)', 'Lãnh đạo, Quyền lực, Vật chất, Thực tế, Sức khỏe', CURRENT_TIMESTAMP, CURRENT_TIMESTAMP);


COMMIT;

